{
	"info": {
		"_postman_id": "1e8dc361-d01c-494e-a74f-11af622adab8",
		"name": "WorkerApi",
		"schema": "https://schema.getpostman.com/json/collection/v2.1.0/collection.json",
		"_exporter_id": "21491619"
	},
	"item": [
		{
			"name": "Find Worker By Id",
			"request": {
				"method": "GET",
				"header": [],
				"url": {
					"raw": "{{cloudUrl}}/worker/5000",
					"host": [
						"{{cloudUrl}}"
					],
					"path": [
						"worker",
						"5000"
					]
				}
			},
			"response": [
				{
					"name": "Find Worker By Id",
					"originalRequest": {
						"method": "GET",
						"header": [],
						"url": {
							"raw": "{{baseUrl}}/worker/1000",
							"host": [
								"{{baseUrl}}"
							],
							"path": [
								"worker",
								"1000"
							]
						}
					},
					"_postman_previewlanguage": null,
					"header": null,
					"cookie": [],
					"body": "{\r\n    \"id\": 1000,\r\n    \"name\": \"Eduard\",\r\n    \"password\": \"1234\",\r\n    \"companies\": [\r\n        {\r\n            \"id\": 1100,\r\n            \"name\": \"Tempo\"\r\n        }\r\n    ],\r\n    \"shifts\": []\r\n}"
				}
			]
		},
		{
			"name": "Add Worker To Data Base (Not Adding to any Company)",
			"request": {
				"method": "POST",
				"header": [],
				"body": {
					"mode": "raw",
					"raw": "{\r\n    \"id\": 6000,\r\n    \"name\": \"John Smith\",\r\n    \"password\": \"1234\"\r\n}",
					"options": {
						"raw": {
							"language": "json"
						}
					}
				},
				"url": {
					"raw": "{{cloudUrl}}/worker",
					"host": [
						"{{cloudUrl}}"
					],
					"path": [
						"worker"
					]
				}
			},
			"response": []
		},
		{
			"name": "Add prefered shifts to Data Base",
			"request": {
				"method": "PUT",
				"header": [],
				"body": {
					"mode": "raw",
					"raw": "[\r\n    {\r\n        \"dayName\": \"2023-08-07\",\r\n        \"shifts\": [\"2023-08-07T07:00:00\", \"2023-08-07T15:00:00\"]\r\n    },\r\n    {\r\n        \"dayName\": \"2023-08-08\",\r\n        \"shifts\": [\"2023-08-08T07:00:00\", \"2023-08-08T15:00:00\"]\r\n    },\r\n    {\r\n        \"dayName\": \"2023-08-09\",\r\n        \"shifts\": [\"2023-08-09T07:00:00\", \"2023-08-09T15:00:00\"]\r\n    },\r\n    {\r\n        \"dayName\": \"2023-08-10\",\r\n        \"shifts\": [\"2023-08-10T07:00:00\", \"2023-08-10T15:00:00\"]\r\n    },\r\n    {\r\n        \"dayName\": \"2023-08-11\",\r\n        \"shifts\": [\"2023-08-11T07:00:00\", \"2023-08-11T15:00:00\"]\r\n    },\r\n    {\r\n        \"dayName\": \"2023-08-12\",\r\n        \"shifts\": [\"2023-08-12T07:00:00\", \"2023-08-12T15:00:00\"]\r\n    },\r\n    {\r\n        \"dayName\": \"2023-08-13\",\r\n        \"shifts\": [\"2023-08-13T07:00:00\", \"2023-08-13T15:00:00\"]\r\n    }\r\n]",
					"options": {
						"raw": {
							"language": "json"
						}
					}
				},
				"url": {
					"raw": "{{baseUrl}}/worker/5000/prefers/5000",
					"host": [
						"{{baseUrl}}"
					],
					"path": [
						"worker",
						"5000",
						"prefers",
						"5000"
					]
				}
			},
			"response": []
		},
		{
			"name": "Get workers weekly schedule",
			"request": {
				"method": "GET",
				"header": [],
				"url": {
					"raw": "{{cloudUrl}}/worker/6000/company/1200/schedule",
					"host": [
						"{{cloudUrl}}"
					],
					"path": [
						"worker",
						"6000",
						"company",
						"1200",
						"schedule"
					]
				}
			},
			"response": []
		},
		{
			"name": "Update Worker",
			"request": {
				"method": "PUT",
				"header": [],
				"body": {
					"mode": "raw",
					"raw": "{\r\n    \"name\": \"Jonh NotSmith\"\r\n}",
					"options": {
						"raw": {
							"language": "json"
						}
					}
				},
				"url": {
					"raw": "{{cloudUrl}}/worker/6000",
					"host": [
						"{{cloudUrl}}"
					],
					"path": [
						"worker",
						"6000"
					]
				}
			},
			"response": []
		},
		{
			"name": "Get all messages",
			"request": {
				"method": "GET",
				"header": []
			},
			"response": []
		},
		{
			"name": "Get message by message id",
			"request": {
				"method": "GET",
				"header": []
			},
			"response": []
		},
		{
			"name": "Answer Message",
			"request": {
				"method": "GET",
				"header": []
			},
			"response": []
		}
	],
	"variable": [
		{
			"key": "baseUrl",
			"value": "http://localhost:8080/shaot"
		}
	]
}